<application>
  <component name="ProjectManager">
    <defaultProject>
      <component name="MavenImportPreferences">
        <option name="generalSettings">
          <MavenGeneralSettings>
            <option name="mavenHome" value="C:\Program Files\JetBrains\IntelliJ IDEA 2020.2.3\plugins\maven\lib\maven3" />
          </MavenGeneralSettings>
        </option>
      </component>
      <component name="PropertiesComponent">
        <property name="settings.editor.selected.configurable" value="preferences.pluginManager" />
      </component>
      <component name="accountSettings">
        <option name="activeRegion" value="us-east-1" />
        <option name="recentlyUsedRegions">
          <list>
            <option value="us-east-1" />
          </list>
        </option>
      </component>
    </defaultProject>
  </component>
</application>